R01-CR-CE-01	VanIsland
R01-CR-CE-02	VanIsland
R01-CR-CE-03	VanIsland
R01-CR-CE-04	VanIsland
R01-CR-CE-05	VanIsland
R01-CR-CE-06	VanIsland
R01-CR-CE-07	VanIsland
R01-CR-CE-08	VanIsland
R01-CR-CE-09	VanIsland
R01-CR-CE-10	VanIsland
R01-CR-CE-11	VanIsland
R01-CR-CE-12	VanIsland
R01-CR-CE-13	VanIsland
R01-CR-CE-14	VanIsland
R01-CR-CE-15	VanIsland
R01-CR-CE-16	VanIsland
R01-CR-CE-17	VanIsland
R01-CR-CE-18	VanIsland
R01-CR-CE-19	VanIsland
R01-CR-CE-20	VanIsland
R01-CR-CE-21	VanIsland
R01-CR-CE-22	VanIsland
R01-CR-CE-23	VanIsland
R01-CR-CE-24	VanIsland
R01-CR-CE-25	VanIsland
R01-CR-CE-26	VanIsland
R01-CR-CE-27	VanIsland
R01-CR-CE-28	VanIsland
R01-CR-CE-29	VanIsland
R01-CR-CE-30	VanIsland
R01-CR-RA-01	VanIsland
R01-CR-RA-02	VanIsland
R01-CR-RA-03	VanIsland
R01-CR-RA-04	VanIsland
R01-CR-RA-05	VanIsland
R01-CR-RA-06	VanIsland
R01-CR-RA-07	VanIsland
R01-CR-RA-08	VanIsland
R01-CR-RA-09	VanIsland
R01-CR-RA-10	VanIsland
R01-CR-RA-11	VanIsland
R01-CR-RA-12	VanIsland
R01-CR-RA-13	VanIsland
R01-CR-RA-14	VanIsland
R01-CR-RA-15	VanIsland
R01-CR-RA-16	VanIsland
R01-CR-RA-17	VanIsland
R01-CR-RA-18	VanIsland
R01-CR-RA-19	VanIsland
R01-CR-RA-20	VanIsland
R01-CR-RA-21	VanIsland
R01-CR-RA-22	VanIsland
R01-CR-RA-23	VanIsland
R01-CR-RA-24	VanIsland
R01-CR-RA-25	VanIsland
R01-CR-RA-26	VanIsland
R01-CR-RA-27	VanIsland
R01-CR-RA-28	VanIsland
R01-CR-RA-29	VanIsland
R01-CR-RA-30	VanIsland
R01-NI-CX-01	VanIsland
R01-NI-CX-02	VanIsland
R01-NI-CX-03	VanIsland
R01-NI-CX-04	VanIsland
R01-NI-CX-05	VanIsland
R01-NI-CX-06	VanIsland
R01-NI-CX-07	VanIsland
R01-NI-CX-08	VanIsland
R01-NI-CX-09	VanIsland
R01-NI-CX-10	VanIsland
R01-NI-CX-11	VanIsland
R01-NI-CX-12	VanIsland
R01-NI-CX-13	VanIsland
R01-NI-CX-14	VanIsland
R01-NI-CX-15	VanIsland
R01-NI-CX-16	VanIsland
R01-NI-CX-17	VanIsland
R01-NI-CX-18	VanIsland
R01-NI-CX-19	VanIsland
R01-NI-CX-20	VanIsland
R01-NI-CX-21	VanIsland
R01-NI-CX-22	VanIsland
R01-NI-CX-23	VanIsland
R01-NI-CX-24	VanIsland
R01-NI-CX-25	VanIsland
R01-NI-CX-26	VanIsland
R01-NI-CX-27	VanIsland
R01-NI-CX-28	VanIsland
R01-NI-CX-29	VanIsland
R01-NI-CX-30	VanIsland
R01-NI-OC-01	VanIsland
R01-NI-OC-02	VanIsland
R01-NI-OC-03	VanIsland
R01-NI-OC-04	VanIsland
R01-NI-OC-05	VanIsland
R01-NI-OC-06	VanIsland
R01-NI-OC-07	VanIsland
R01-NI-OC-08	VanIsland
R01-NI-OC-09	VanIsland
R01-NI-OC-10	VanIsland
R01-NI-OC-11	VanIsland
R01-NI-OC-12	VanIsland
R01-NI-OC-13	VanIsland
R01-NI-OC-14	VanIsland
R01-NI-OC-15	VanIsland
R01-NI-OC-16	VanIsland
R01-NI-OC-17	VanIsland
R01-NI-OC-18	VanIsland
R01-NI-OC-19	VanIsland
R01-NI-OC-20	VanIsland
R01-NI-OC-21	VanIsland
R01-NI-OC-22	VanIsland
R01-NI-OC-23	VanIsland
R01-NI-OC-24	VanIsland
R01-NI-OC-25	VanIsland
R01-NI-OC-26	VanIsland
R01-NI-OC-27	VanIsland
R01-NI-OC-28	VanIsland
R01-NI-OC-29	VanIsland
R01-NI-OC-30	VanIsland
R01-SI-CA-01	VanIsland
R01-SI-CA-02	VanIsland
R01-SI-CA-03	VanIsland
R01-SI-CA-04	VanIsland
R01-SI-CA-05	VanIsland
R01-SI-CA-06	VanIsland
R01-SI-CA-07	VanIsland
R01-SI-CA-08	VanIsland
R01-SI-CA-09	VanIsland
R01-SI-CA-10	VanIsland
R01-SI-CA-11	VanIsland
R01-SI-CA-12	VanIsland
R01-SI-CA-13	VanIsland
R01-SI-CA-14	VanIsland
R01-SI-CA-15	VanIsland
R01-SI-CA-16	VanIsland
R01-SI-CA-17	VanIsland
R01-SI-CA-18	VanIsland
R01-SI-CA-19	VanIsland
R01-SI-CA-20	VanIsland
R01-SI-CA-21	VanIsland
R01-SI-CA-22	VanIsland
R01-SI-CA-23	VanIsland
R01-SI-CA-24	VanIsland
R01-SI-CA-25	VanIsland
R01-SI-CA-26	VanIsland
R01-SI-CA-27	VanIsland
R01-SI-CA-28	VanIsland
R01-SI-CA-29	VanIsland
R01-SI-CA-30	VanIsland
R01-SI-DB-01	VanIsland
R01-SI-DB-02	VanIsland
R01-SI-DB-03	VanIsland
R01-SI-DB-04	VanIsland
R01-SI-DB-05	VanIsland
R01-SI-DB-06	VanIsland
R01-SI-DB-07	VanIsland
R01-SI-DB-08	VanIsland
R01-SI-DB-09	VanIsland
R01-SI-DB-10	VanIsland
R01-SI-DB-11	VanIsland
R01-SI-DB-12	VanIsland
R01-SI-DB-13	VanIsland
R01-SI-DB-14	VanIsland
R01-SI-DB-15	VanIsland
R01-SI-DB-16	VanIsland
R01-SI-DB-17	VanIsland
R01-SI-DB-18	VanIsland
R01-SI-DB-19	VanIsland
R01-SI-DB-20	VanIsland
R01-SI-DB-21	VanIsland
R01-SI-DB-22	VanIsland
R01-SI-DB-23	VanIsland
R01-SI-DB-24	VanIsland
R01-SI-DB-25	VanIsland
R01-SI-DB-26	VanIsland
R01-SI-DB-27	VanIsland
R01-SI-DB-28	VanIsland
R01-SI-DB-29	VanIsland
R01-SI-DB-30	VanIsland
R01-SI-FR-01	VanIsland
R01-SI-FR-02	VanIsland
R01-SI-FR-03	VanIsland
R01-SI-FR-04	VanIsland
R01-SI-FR-05	VanIsland
R01-SI-FR-06	VanIsland
R01-SI-FR-07	VanIsland
R01-SI-FR-08	VanIsland
R01-SI-FR-09	VanIsland
R01-SI-FR-10	VanIsland
R01-SI-FR-11	VanIsland
R01-SI-FR-12	VanIsland
R01-SI-FR-13	VanIsland
R01-SI-FR-14	VanIsland
R01-SI-FR-15	VanIsland
R01-SI-FR-16	VanIsland
R01-SI-FR-17	VanIsland
R01-SI-FR-18	VanIsland
R01-SI-FR-19	VanIsland
R01-SI-FR-20	VanIsland
R01-SI-FR-21	VanIsland
R01-SI-FR-22	VanIsland
R01-SI-FR-23	VanIsland
R01-SI-FR-24	VanIsland
R01-SI-FR-25	VanIsland
R01-SI-FR-26	VanIsland
R01-SI-FR-27	VanIsland
R01-SI-FR-28	VanIsland
R01-SI-FR-29	VanIsland
R01-SI-FR-30	VanIsland
R01-SI-GL-01	VanIsland
R01-SI-GL-02	VanIsland
R01-SI-GL-03	VanIsland
R01-SI-GL-04	VanIsland
R01-SI-GL-05	VanIsland
R01-SI-GL-06	VanIsland
R01-SI-GL-07	VanIsland
R01-SI-GL-08	VanIsland
R01-SI-GL-09	VanIsland
R01-SI-GL-10	VanIsland
R01-SI-GL-11	VanIsland
R01-SI-GL-12	VanIsland
R01-SI-GL-13	VanIsland
R01-SI-GL-14	VanIsland
R01-SI-GL-15	VanIsland
R01-SI-GL-16	VanIsland
R01-SI-GL-17	VanIsland
R01-SI-GL-18	VanIsland
R01-SI-GL-19	VanIsland
R01-SI-GL-20	VanIsland
R01-SI-GL-21	VanIsland
R01-SI-GL-22	VanIsland
R01-SI-GL-23	VanIsland
R01-SI-GL-24	VanIsland
R01-SI-GL-25	VanIsland
R01-SI-GL-26	VanIsland
R01-SI-GL-27	VanIsland
R01-SI-GL-28	VanIsland
R01-SI-GL-29	VanIsland
R01-SI-GL-30	VanIsland
R01-SI-HR-01	VanIsland
R01-SI-HR-02	VanIsland
R01-SI-HR-03	VanIsland
R01-SI-HR-04	VanIsland
R01-SI-HR-05	VanIsland
R01-SI-HR-06	VanIsland
R01-SI-HR-07	VanIsland
R01-SI-HR-08	VanIsland
R01-SI-HR-09	VanIsland
R01-SI-HR-10	VanIsland
R01-SI-HR-11	VanIsland
R01-SI-HR-12	VanIsland
R01-SI-HR-13	VanIsland
R01-SI-HR-14	VanIsland
R01-SI-HR-15	VanIsland
R01-SI-HR-16	VanIsland
R01-SI-HR-17	VanIsland
R01-SI-HR-18	VanIsland
R01-SI-HR-19	VanIsland
R01-SI-HR-20	VanIsland
R01-SI-HR-21	VanIsland
R01-SI-HR-22	VanIsland
R01-SI-HR-23	VanIsland
R01-SI-HR-24	VanIsland
R01-SI-HR-25	VanIsland
R01-SI-HR-26	VanIsland
R01-SI-HR-27	VanIsland
R01-SI-HR-28	VanIsland
R01-SI-HR-29	VanIsland
R01-SI-HR-30	VanIsland
R01-SI-KE-01	VanIsland
R01-SI-KE-02	VanIsland
R01-SI-KE-03	VanIsland
R01-SI-KE-04	VanIsland
R01-SI-KE-05	VanIsland
R01-SI-KE-06	VanIsland
R01-SI-KE-07	VanIsland
R01-SI-KE-08	VanIsland
R01-SI-KE-09	VanIsland
R01-SI-KE-10	VanIsland
R01-SI-KE-11	VanIsland
R01-SI-KE-12	VanIsland
R01-SI-KE-13	VanIsland
R01-SI-KE-14	VanIsland
R01-SI-KE-15	VanIsland
R01-SI-KE-16	VanIsland
R01-SI-KE-17	VanIsland
R01-SI-KE-18	VanIsland
R01-SI-KE-19	VanIsland
R01-SI-KE-20	VanIsland
R01-SI-KE-21	VanIsland
R01-SI-KE-22	VanIsland
R01-SI-KE-23	VanIsland
R01-SI-KE-24	VanIsland
R01-SI-KE-25	VanIsland
R01-SI-KE-26	VanIsland
R01-SI-KE-27	VanIsland
R01-SI-KE-28	VanIsland
R01-SI-KE-29	VanIsland
R01-SI-KE-30	VanIsland
R01-SI-LC-01	VanIsland
R01-SI-LC-02	VanIsland
R01-SI-LC-03	VanIsland
R01-SI-LC-04	VanIsland
R01-SI-LC-05	VanIsland
R01-SI-LC-06	VanIsland
R01-SI-LC-07	VanIsland
R01-SI-LC-08	VanIsland
R01-SI-LC-09	VanIsland
R01-SI-LC-10	VanIsland
R01-SI-LC-11	VanIsland
R01-SI-LC-12	VanIsland
R01-SI-LC-13	VanIsland
R01-SI-LC-14	VanIsland
R01-SI-LC-15	VanIsland
R01-SI-LC-16	VanIsland
R01-SI-LC-17	VanIsland
R01-SI-LC-18	VanIsland
R01-SI-LC-19	VanIsland
R01-SI-LC-20	VanIsland
R01-SI-LC-21	VanIsland
R01-SI-LC-22	VanIsland
R01-SI-LC-23	VanIsland
R01-SI-LC-24	VanIsland
R01-SI-LC-25	VanIsland
R01-SI-LC-26	VanIsland
R01-SI-LC-27	VanIsland
R01-SI-LC-28	VanIsland
R01-SI-LC-29	VanIsland
R01-SI-LC-30	VanIsland
R01-SI-LL-01	VanIsland
R01-SI-LL-02	VanIsland
R01-SI-LL-03	VanIsland
R01-SI-LL-04	VanIsland
R01-SI-LL-05	VanIsland
R01-SI-LL-06	VanIsland
R01-SI-LL-07	VanIsland
R01-SI-LL-08	VanIsland
R01-SI-LL-09	VanIsland
R01-SI-LL-10	VanIsland
R01-SI-LL-11	VanIsland
R01-SI-LL-12	VanIsland
R01-SI-LL-13	VanIsland
R01-SI-LL-14	VanIsland
R01-SI-LL-15	VanIsland
R01-SI-LL-16	VanIsland
R01-SI-LL-17	VanIsland
R01-SI-LL-18	VanIsland
R01-SI-LL-19	VanIsland
R01-SI-LL-20	VanIsland
R01-SI-LL-21	VanIsland
R01-SI-LL-22	VanIsland
R01-SI-LL-23	VanIsland
R01-SI-LL-24	VanIsland
R01-SI-LL-25	VanIsland
R01-SI-LL-26	VanIsland
R01-SI-LL-27	VanIsland
R01-SI-LL-28	VanIsland
R01-SI-LL-29	VanIsland
R01-SI-LL-30	VanIsland
R01-SI-MO-01	VanIsland
R01-SI-MO-02	VanIsland
R01-SI-MO-03	VanIsland
R01-SI-MO-04	VanIsland
R01-SI-MO-05	VanIsland
R01-SI-MO-06	VanIsland
R01-SI-MO-07	VanIsland
R01-SI-MO-08	VanIsland
R01-SI-MO-09	VanIsland
R01-SI-MO-10	VanIsland
R01-SI-MO-11	VanIsland
R01-SI-MO-12	VanIsland
R01-SI-MO-13	VanIsland
R01-SI-MO-14	VanIsland
R01-SI-MO-15	VanIsland
R01-SI-MO-16	VanIsland
R01-SI-MO-17	VanIsland
R01-SI-MO-18	VanIsland
R01-SI-MO-19	VanIsland
R01-SI-MO-20	VanIsland
R01-SI-MO-21	VanIsland
R01-SI-MO-22	VanIsland
R01-SI-MO-23	VanIsland
R01-SI-MO-24	VanIsland
R01-SI-MO-25	VanIsland
R01-SI-MO-26	VanIsland
R01-SI-MO-27	VanIsland
R01-SI-MO-28	VanIsland
R01-SI-MO-29	VanIsland
R01-SI-MO-30	VanIsland
R01-SI-SJ-01	VanIsland
R01-SI-SJ-02	VanIsland
R01-SI-SJ-03	VanIsland
R01-SI-SJ-04	VanIsland
R01-SI-SJ-05	VanIsland
R01-SI-SJ-06	VanIsland
R01-SI-SJ-07	VanIsland
R01-SI-SJ-08	VanIsland
R01-SI-SJ-09	VanIsland
R01-SI-SJ-10	VanIsland
R01-SI-SJ-11	VanIsland
R01-SI-SJ-12	VanIsland
R01-SI-SJ-13	VanIsland
R01-SI-SJ-14	VanIsland
R01-SI-SJ-15	VanIsland
R01-SI-SJ-16	VanIsland
R01-SI-SJ-17	VanIsland
R01-SI-SJ-18	VanIsland
R01-SI-SJ-19	VanIsland
R01-SI-SJ-20	VanIsland
R01-SI-SJ-21	VanIsland
R01-SI-SJ-22	VanIsland
R01-SI-SJ-23	VanIsland
R01-SI-SJ-24	VanIsland
R01-SI-SJ-25	VanIsland
R01-SI-SJ-26	VanIsland
R01-SI-SJ-27	VanIsland
R01-SI-SJ-28	VanIsland
R01-SI-SJ-29	VanIsland
R01-SI-SJ-30	VanIsland
R02-CW-AG-01	LowerMainland
R02-CW-AG-02	LowerMainland
R02-CW-AG-03	LowerMainland
R02-CW-AG-04	LowerMainland
R02-CW-AG-05	LowerMainland
R02-CW-AG-06	LowerMainland
R02-CW-AG-07	LowerMainland
R02-CW-AG-08	LowerMainland
R02-CW-AG-09	LowerMainland
R02-CW-AG-10	LowerMainland
R02-CW-AG-11	LowerMainland
R02-CW-AG-12	LowerMainland
R02-CW-AG-13	LowerMainland
R02-CW-AG-14	LowerMainland
R02-CW-AG-15	LowerMainland
R02-CW-AG-16	LowerMainland
R02-CW-AG-17	LowerMainland
R02-CW-AG-18	LowerMainland
R02-CW-AG-19	LowerMainland
R02-CW-AG-20	LowerMainland
R02-CW-AG-21	LowerMainland
R02-CW-AG-22	LowerMainland
R02-CW-AG-23	LowerMainland
R02-CW-AG-24	LowerMainland
R02-CW-AG-25	LowerMainland
R02-CW-AG-26	LowerMainland
R02-CW-AG-27	LowerMainland
R02-CW-AG-28	LowerMainland
R02-CW-AG-29	LowerMainland
R02-CW-AG-30	LowerMainland
R02-CW-AL-01	LowerMainland
R02-CW-AL-02	LowerMainland
R02-CW-AL-03	LowerMainland
R02-CW-AL-04	LowerMainland
R02-CW-AL-05	LowerMainland
R02-CW-AL-06	LowerMainland
R02-CW-AL-07	LowerMainland
R02-CW-AL-08	LowerMainland
R02-CW-AL-09	LowerMainland
R02-CW-AL-10	LowerMainland
R02-CW-AL-11	LowerMainland
R02-CW-AL-12	LowerMainland
R02-CW-AL-13	LowerMainland
R02-CW-AL-14	LowerMainland
R02-CW-AL-15	LowerMainland
R02-CW-AL-16	LowerMainland
R02-CW-AL-17	LowerMainland
R02-CW-AL-18	LowerMainland
R02-CW-AL-19	LowerMainland
R02-CW-AL-20	LowerMainland
R02-CW-AL-21	LowerMainland
R02-CW-AL-22	LowerMainland
R02-CW-AL-23	LowerMainland
R02-CW-AL-24	LowerMainland
R02-CW-AL-25	LowerMainland
R02-CW-AL-26	LowerMainland
R02-CW-AL-27	LowerMainland
R02-CW-AL-28	LowerMainland
R02-CW-AL-29	LowerMainland
R02-CW-BE-01	LowerMainland
R02-CW-BE-02	LowerMainland
R02-CW-BE-03	LowerMainland
R02-CW-BE-04	LowerMainland
R02-CW-BE-05	LowerMainland
R02-CW-BE-06	LowerMainland
R02-CW-BE-07	LowerMainland
R02-CW-BE-08	LowerMainland
R02-CW-BE-09	LowerMainland
R02-CW-BE-10	LowerMainland
R02-CW-BE-11	LowerMainland
R02-CW-BE-12	LowerMainland
R02-CW-BE-13	LowerMainland
R02-CW-BE-14	LowerMainland
R02-CW-BE-15	LowerMainland
R02-CW-BE-16	LowerMainland
R02-CW-BE-17	LowerMainland
R02-CW-BE-18	LowerMainland
R02-CW-BE-19	LowerMainland
R02-CW-BE-20	LowerMainland
R02-CW-BE-21	LowerMainland
R02-CW-BE-22	LowerMainland
R02-CW-BE-23	LowerMainland
R02-CW-BE-24	LowerMainland
R02-CW-BE-25	LowerMainland
R02-CW-BE-26	LowerMainland
R02-CW-BE-27	LowerMainland
R02-CW-BE-28	LowerMainland
R02-CW-BE-29	LowerMainland
R02-CW-BE-30	LowerMainland
R02-CW-DE-01	LowerMainland
R02-CW-DE-02	LowerMainland
R02-CW-DE-03	LowerMainland
R02-CW-DE-04	LowerMainland
R02-CW-DE-05	LowerMainland
R02-CW-DE-06	LowerMainland
R02-CW-DE-07	LowerMainland
R02-CW-DE-08	LowerMainland
R02-CW-DE-09	LowerMainland
R02-CW-DE-10	LowerMainland
R02-CW-DE-11	LowerMainland
R02-CW-DE-12	LowerMainland
R02-CW-DE-13	LowerMainland
R02-CW-DE-14	LowerMainland
R02-CW-DE-15	LowerMainland
R02-CW-DE-16	LowerMainland
R02-CW-DE-17	LowerMainland
R02-CW-DE-18	LowerMainland
R02-CW-DE-19	LowerMainland
R02-CW-DE-20	LowerMainland
R02-CW-DE-21	LowerMainland
R02-CW-DE-22	LowerMainland
R02-CW-DE-23	LowerMainland
R02-CW-DE-24	LowerMainland
R02-CW-DE-25	LowerMainland
R02-CW-DE-26	LowerMainland
R02-CW-DE-27	LowerMainland
R02-CW-DE-28	LowerMainland
R02-CW-DE-29	LowerMainland
R02-CW-DE-30	LowerMainland
R02-CW-JO-01	LowerMainland
R02-CW-JO-02	LowerMainland
R02-CW-JO-03	LowerMainland
R02-CW-JO-04	LowerMainland
R02-CW-JO-05	LowerMainland
R02-CW-JO-06	LowerMainland
R02-CW-JO-07	LowerMainland
R02-CW-JO-08	LowerMainland
R02-CW-JO-09	LowerMainland
R02-CW-JO-10	LowerMainland
R02-CW-JO-11	LowerMainland
R02-CW-JO-12	LowerMainland
R02-CW-JO-13	LowerMainland
R02-CW-JO-14	LowerMainland
R02-CW-JO-15	LowerMainland
R02-CW-JO-16	LowerMainland
R02-CW-JO-17	LowerMainland
R02-CW-JO-18	LowerMainland
R02-CW-JO-19	LowerMainland
R02-CW-JO-20	LowerMainland
R02-CW-JO-21	LowerMainland
R02-CW-JO-22	LowerMainland
R02-CW-JO-23	LowerMainland
R02-CW-JO-24	LowerMainland
R02-CW-JO-25	LowerMainland
R02-CW-JO-26	LowerMainland
R02-CW-JO-27	LowerMainland
R02-CW-JO-28	LowerMainland
R02-CW-JO-29	LowerMainland
R02-CW-JO-30	LowerMainland
R02-CW-KA-01	LowerMainland
R02-CW-KA-02	LowerMainland
R02-CW-KA-03	LowerMainland
R02-CW-KA-04	LowerMainland
R02-CW-KA-05	LowerMainland
R02-CW-KA-06	LowerMainland
R02-CW-KA-07	LowerMainland
R02-CW-KA-08	LowerMainland
R02-CW-KA-09	LowerMainland
R02-CW-KA-10	LowerMainland
R02-CW-KA-11	LowerMainland
R02-CW-KA-12	LowerMainland
R02-CW-KA-13	LowerMainland
R02-CW-KA-14	LowerMainland
R02-CW-KA-15	LowerMainland
R02-CW-KA-16	LowerMainland
R02-CW-KA-17	LowerMainland
R02-CW-KA-18	LowerMainland
R02-CW-KA-19	LowerMainland
R02-CW-KA-20	LowerMainland
R02-CW-KA-21	LowerMainland
R02-CW-KA-22	LowerMainland
R02-CW-KA-23	LowerMainland
R02-CW-KA-24	LowerMainland
R02-CW-KA-25	LowerMainland
R02-CW-KA-26	LowerMainland
R02-CW-KA-27	LowerMainland
R02-CW-KA-28	LowerMainland
R02-CW-KA-29	LowerMainland
R02-CW-KA-30	LowerMainland
R02-CW-LA-01	LowerMainland
R02-CW-LA-02	LowerMainland
R02-CW-LA-03	LowerMainland
R02-CW-LA-04	LowerMainland
R02-CW-LA-05	LowerMainland
R02-CW-LA-06	LowerMainland
R02-CW-LA-07	LowerMainland
R02-CW-LA-08	LowerMainland
R02-CW-LA-09	LowerMainland
R02-CW-LA-10	LowerMainland
R02-CW-LA-11	LowerMainland
R02-CW-LA-12	LowerMainland
R02-CW-LA-13	LowerMainland
R02-CW-LA-14	LowerMainland
R02-CW-LA-15	LowerMainland
R02-CW-LA-16	LowerMainland
R02-CW-LA-17	LowerMainland
R02-CW-LA-18	LowerMainland
R02-CW-LA-19	LowerMainland
R02-CW-LA-20	LowerMainland
R02-CW-LA-21	LowerMainland
R02-CW-LA-22	LowerMainland
R02-CW-LA-23	LowerMainland
R02-CW-LA-24	LowerMainland
R02-CW-LA-25	LowerMainland
R02-CW-LA-26	LowerMainland
R02-CW-LA-27	LowerMainland
R02-CW-LA-28	LowerMainland
R02-CW-LA-29	LowerMainland
R02-CW-LA-30	LowerMainland
R02-CW-MI-01	LowerMainland
R02-CW-MI-02	LowerMainland
R02-CW-MI-03	LowerMainland
R02-CW-MI-04	LowerMainland
R02-CW-MI-05	LowerMainland
R02-CW-MI-06	LowerMainland
R02-CW-MI-07	LowerMainland
R02-CW-MI-08	LowerMainland
R02-CW-MI-09	LowerMainland
R02-CW-MI-10	LowerMainland
R02-CW-MI-11	LowerMainland
R02-CW-MI-12	LowerMainland
R02-CW-MI-13	LowerMainland
R02-CW-MI-14	LowerMainland
R02-CW-MI-15	LowerMainland
R02-CW-MI-16	LowerMainland
R02-CW-MI-17	LowerMainland
R02-CW-MI-18	LowerMainland
R02-CW-MI-19	LowerMainland
R02-CW-MI-20	LowerMainland
R02-CW-MI-21	LowerMainland
R02-CW-MI-22	LowerMainland
R02-CW-MI-23	LowerMainland
R02-CW-MI-24	LowerMainland
R02-CW-MI-25	LowerMainland
R02-CW-MI-26	LowerMainland
R02-CW-MI-27	LowerMainland
R02-CW-MI-28	LowerMainland
R02-CW-MI-29	LowerMainland
R02-CW-MI-30	LowerMainland
R02-CW-RY-01	LowerMainland
R02-CW-RY-02	LowerMainland
R02-CW-RY-03	LowerMainland
R02-CW-RY-04	LowerMainland
R02-CW-RY-05	LowerMainland
R02-CW-RY-06	LowerMainland
R02-CW-RY-07	LowerMainland
R02-CW-RY-08	LowerMainland
R02-CW-RY-09	LowerMainland
R02-CW-RY-10	LowerMainland
R02-CW-RY-11	LowerMainland
R02-CW-RY-12	LowerMainland
R02-CW-RY-13	LowerMainland
R02-CW-RY-14	LowerMainland
R02-CW-RY-15	LowerMainland
R02-CW-RY-16	LowerMainland
R02-CW-RY-17	LowerMainland
R02-CW-RY-18	LowerMainland
R02-CW-RY-19	LowerMainland
R02-CW-RY-20	LowerMainland
R02-CW-RY-21	LowerMainland
R02-CW-RY-22	LowerMainland
R02-CW-RY-23	LowerMainland
R02-CW-RY-24	LowerMainland
R02-CW-RY-25	LowerMainland
R02-CW-RY-26	LowerMainland
R02-CW-RY-27	LowerMainland
R02-CW-RY-28	LowerMainland
R02-CW-RY-29	LowerMainland
R02-CW-SI-01	LowerMainland
R02-CW-SI-02	LowerMainland
R02-CW-SI-03	LowerMainland
R02-CW-SI-04	LowerMainland
R02-CW-SI-05	LowerMainland
R02-CW-SI-06	LowerMainland
R02-CW-SI-07	LowerMainland
R02-CW-SI-08	LowerMainland
R02-CW-SI-09	LowerMainland
R02-CW-SI-10	LowerMainland
R02-CW-SI-11	LowerMainland
R02-CW-SI-12	LowerMainland
R02-CW-SI-13	LowerMainland
R02-CW-SI-14	LowerMainland
R02-CW-SI-15	LowerMainland
R02-CW-SI-16	LowerMainland
R02-CW-SI-17	LowerMainland
R02-CW-SI-18	LowerMainland
R02-CW-SI-19	LowerMainland
R02-CW-SI-20	LowerMainland
R02-CW-SI-21	LowerMainland
R02-CW-SI-22	LowerMainland
R02-CW-SI-23	LowerMainland
R02-CW-SI-24	LowerMainland
R02-CW-SI-25	LowerMainland
R02-CW-SI-26	LowerMainland
R02-CW-SI-27	LowerMainland
R02-CW-SI-28	LowerMainland
R02-CW-SI-29	LowerMainland
R02-CW-SI-30	LowerMainland
R02-SC-HA-01	LowerMainland
R02-SC-HA-02	LowerMainland
R02-SC-HA-03	LowerMainland
R02-SC-HA-04	LowerMainland
R02-SC-HA-05	LowerMainland
R02-SC-HA-06	LowerMainland
R02-SC-HA-07	LowerMainland
R02-SC-HA-08	LowerMainland
R02-SC-HA-09	LowerMainland
R02-SC-HA-10	LowerMainland
R02-SC-HA-11	LowerMainland
R02-SC-HA-12	LowerMainland
R02-SC-HA-13	LowerMainland
R02-SC-HA-14	LowerMainland
R02-SC-HA-15	LowerMainland
R02-SC-HA-16	LowerMainland
R02-SC-HA-17	LowerMainland
R02-SC-HA-18	LowerMainland
R02-SC-HA-19	LowerMainland
R02-SC-HA-20	LowerMainland
R02-SC-HA-21	LowerMainland
R02-SC-HA-22	LowerMainland
R02-SC-HA-23	LowerMainland
R02-SC-HA-24	LowerMainland
R02-SC-HA-25	LowerMainland
R02-SC-HA-26	LowerMainland
R02-SC-HA-27	LowerMainland
R02-SC-HA-28	LowerMainland
R02-SC-HA-29	LowerMainland
R02-SC-HA-30	LowerMainland
R02-SC-IN-01	LowerMainland
R02-SC-IN-02	LowerMainland
R02-SC-IN-03	LowerMainland
R02-SC-IN-04	LowerMainland
R02-SC-IN-05	LowerMainland
R02-SC-IN-06	LowerMainland
R02-SC-IN-07	LowerMainland
R02-SC-IN-08	LowerMainland
R02-SC-IN-09	LowerMainland
R02-SC-IN-10	LowerMainland
R02-SC-IN-11	LowerMainland
R02-SC-IN-12	LowerMainland
R02-SC-IN-13	LowerMainland
R02-SC-IN-14	LowerMainland
R02-SC-IN-15	LowerMainland
R02-SC-IN-16	LowerMainland
R02-SC-IN-17	LowerMainland
R02-SC-IN-18	LowerMainland
R02-SC-IN-19	LowerMainland
R02-SC-IN-20	LowerMainland
R02-SC-IN-21	LowerMainland
R02-SC-IN-22	LowerMainland
R02-SC-IN-23	LowerMainland
R02-SC-IN-24	LowerMainland
R02-SC-IN-25	LowerMainland
R02-SC-IN-26	LowerMainland
R02-SC-IN-27	LowerMainland
R02-SC-IN-28	LowerMainland
R02-SC-IN-29	LowerMainland
R02-SC-IN-30	LowerMainland
R02-SS-CR-01	LowerMainland
R02-SS-CR-02	LowerMainland
R02-SS-CR-03	LowerMainland
R02-SS-CR-04	LowerMainland
R02-SS-CR-05	LowerMainland
R02-SS-CR-06	LowerMainland
R02-SS-CR-07	LowerMainland
R02-SS-CR-08	LowerMainland
R02-SS-CR-09	LowerMainland
R02-SS-CR-10	LowerMainland
R02-SS-CR-11	LowerMainland
R02-SS-CR-12	LowerMainland
R02-SS-CR-13	LowerMainland
R02-SS-CR-14	LowerMainland
R02-SS-CR-15	LowerMainland
R02-SS-CR-16	LowerMainland
R02-SS-CR-17	LowerMainland
R02-SS-CR-18	LowerMainland
R02-SS-CR-19	LowerMainland
R02-SS-CR-20	LowerMainland
R02-SS-CR-21	LowerMainland
R02-SS-CR-22	LowerMainland
R02-SS-CR-23	LowerMainland
R02-SS-CR-24	LowerMainland
R02-SS-CR-25	LowerMainland
R02-SS-CR-26	LowerMainland
R02-SS-CR-27	LowerMainland
R02-SS-CR-28	LowerMainland
R02-SS-CR-29	LowerMainland
R02-SS-CR-30	LowerMainland
R02-SS-FA-01	LowerMainland
R02-SS-FA-02	LowerMainland
R02-SS-FA-03	LowerMainland
R02-SS-FA-04	LowerMainland
R02-SS-FA-05	LowerMainland
R02-SS-FA-06	LowerMainland
R02-SS-FA-07	LowerMainland
R02-SS-FA-08	LowerMainland
R02-SS-FA-09	LowerMainland
R02-SS-FA-10	LowerMainland
R02-SS-FA-11	LowerMainland
R02-SS-FA-12	LowerMainland
R02-SS-FA-13	LowerMainland
R02-SS-FA-14	LowerMainland
R02-SS-FA-15	LowerMainland
R02-SS-FA-16	LowerMainland
R02-SS-FA-17	LowerMainland
R02-SS-FA-18	LowerMainland
R02-SS-FA-19	LowerMainland
R02-SS-FA-20	LowerMainland
R02-SS-FA-21	LowerMainland
R02-SS-FA-22	LowerMainland
R02-SS-FA-23	LowerMainland
R02-SS-FA-24	LowerMainland
R02-SS-FA-25	LowerMainland
R02-SS-FA-26	LowerMainland
R02-SS-FA-27	LowerMainland
R02-SS-FA-28	LowerMainland
R02-SS-FA-29	LowerMainland
R02-SS-FA-30	LowerMainland
R02-SS-KH-01	LowerMainland
R02-SS-KH-02	LowerMainland
R02-SS-KH-03	LowerMainland
R02-SS-KH-04	LowerMainland
R02-SS-KH-05	LowerMainland
R02-SS-KH-06	LowerMainland
R02-SS-KH-07	LowerMainland
R02-SS-KH-08	LowerMainland
R02-SS-KH-09	LowerMainland
R02-SS-LC-01	LowerMainland
R02-SS-LC-02	LowerMainland
R02-SS-LC-03	LowerMainland
R02-SS-LC-04	LowerMainland
R02-SS-LC-05	LowerMainland
R02-SS-LC-06	LowerMainland
R02-SS-LC-07	LowerMainland
R02-SS-LC-08	LowerMainland
R02-SS-LC-09	LowerMainland
R02-SS-LC-10	LowerMainland
R02-SS-LC-11	LowerMainland
R02-SS-LC-12	LowerMainland
R02-SS-LC-13	LowerMainland
R02-SS-LC-14	LowerMainland
R02-SS-LC-15	LowerMainland
R02-SS-LC-16	LowerMainland
R02-SS-LC-17	LowerMainland
R02-SS-LC-18	LowerMainland
R02-SS-LC-19	LowerMainland
R02-SS-LC-20	LowerMainland
R02-SS-LC-21	LowerMainland
R02-SS-LC-22	LowerMainland
R02-SS-LC-23	LowerMainland
R02-SS-LC-24	LowerMainland
R02-SS-LC-25	LowerMainland
R02-SS-LC-26	LowerMainland
R02-SS-LC-27	LowerMainland
R02-SS-LC-28	LowerMainland
R02-SS-LC-29	LowerMainland
R02-SS-LC-30	LowerMainland
R02-SS-LT-01	LowerMainland
R02-SS-LT-02	LowerMainland
R02-SS-LT-03	LowerMainland
R02-SS-LT-04	LowerMainland
R02-SS-LT-05	LowerMainland
R02-SS-LT-06	LowerMainland
R02-SS-LT-07	LowerMainland
R02-SS-LT-08	LowerMainland
R02-SS-LT-09	LowerMainland
R02-SS-LT-10	LowerMainland
R02-SS-LT-11	LowerMainland
R02-SS-LT-12	LowerMainland
R02-SS-LT-13	LowerMainland
R02-SS-LT-14	LowerMainland
R02-SS-LT-15	LowerMainland
R02-SS-LT-16	LowerMainland
R02-SS-LT-17	LowerMainland
R02-SS-LT-18	LowerMainland
R02-SS-LT-19	LowerMainland
R02-SS-LT-20	LowerMainland
R02-SS-LT-21	LowerMainland
R02-SS-LT-22	LowerMainland
R02-SS-LT-23	LowerMainland
R02-SS-LT-24	LowerMainland
R02-SS-LT-25	LowerMainland
R02-SS-LT-26	LowerMainland
R02-SS-LT-27	LowerMainland
R02-SS-LT-28	LowerMainland
R02-SS-LT-29	LowerMainland
R02-SS-LT-30	LowerMainland
R06-GH-DL-01	HaidaGwaii
R06-GH-DL-02	HaidaGwaii
R06-GH-DL-03	HaidaGwaii
R06-GH-DL-04	HaidaGwaii
R06-GH-DL-05	HaidaGwaii
R06-GH-DL-06	HaidaGwaii
R06-GH-DL-07	HaidaGwaii
R06-GH-DL-08	HaidaGwaii
R06-GH-DL-09	HaidaGwaii
R06-GH-DL-10	HaidaGwaii
R06-GH-DL-11	HaidaGwaii
R06-GH-DL-12	HaidaGwaii
R06-GH-DL-13	HaidaGwaii
R06-GH-DL-14	HaidaGwaii
R06-GH-DL-15	HaidaGwaii
R06-GH-DL-16	HaidaGwaii
R06-GH-DL-17	HaidaGwaii
R06-GH-DL-18	HaidaGwaii
R06-GH-DL-19	HaidaGwaii
R06-GH-DL-20	HaidaGwaii
R06-GH-DL-21	HaidaGwaii
R06-GH-DL-22	HaidaGwaii
R06-GH-DL-23	HaidaGwaii
R06-GH-DL-24	HaidaGwaii
R06-GH-DL-25	HaidaGwaii
R06-GH-DL-26	HaidaGwaii
R06-GH-DL-27	HaidaGwaii
R06-GH-DL-28	HaidaGwaii
R06-GH-DL-29	HaidaGwaii
R06-GH-DL-30	HaidaGwaii
R06-GH-GW-01	HaidaGwaii
R06-GH-GW-02	HaidaGwaii
R06-GH-GW-03	HaidaGwaii
R06-GH-GW-04	HaidaGwaii
R06-GH-GW-05	HaidaGwaii
R06-GH-GW-06	HaidaGwaii
R06-GH-GW-07	HaidaGwaii
R06-GH-GW-08	HaidaGwaii
R06-GH-GW-09	HaidaGwaii
R06-GH-GW-10	HaidaGwaii
R06-GH-GW-11	HaidaGwaii
R06-GH-GW-12	HaidaGwaii
R06-GH-GW-13	HaidaGwaii
R06-GH-GW-14	HaidaGwaii
R06-GH-GW-15	HaidaGwaii
R06-GH-GW-16	HaidaGwaii
R06-GH-GW-17	HaidaGwaii
R06-GH-GW-18	HaidaGwaii
R06-GH-GW-19	HaidaGwaii
R06-GH-GW-20	HaidaGwaii
R06-GH-GW-21	HaidaGwaii
R06-GH-GW-22	HaidaGwaii
R06-GH-GW-23	HaidaGwaii
R06-GH-GW-24	HaidaGwaii
R06-GH-GW-25	HaidaGwaii
R06-GH-GW-26	HaidaGwaii
R06-GH-GW-27	HaidaGwaii
R06-GH-GW-28	HaidaGwaii
R06-GH-GW-29	HaidaGwaii
R06-GH-GW-30	HaidaGwaii
R06-GH-LL-01	HaidaGwaii
R06-GH-LL-02	HaidaGwaii
R06-GH-LL-03	HaidaGwaii
R06-GH-LL-04	HaidaGwaii
R06-GH-LL-05	HaidaGwaii
R06-GH-LL-06	HaidaGwaii
R06-GH-LL-07	HaidaGwaii
R06-GH-LL-08	HaidaGwaii
R06-GH-LL-09	HaidaGwaii
R06-GH-LL-10	HaidaGwaii
R06-GH-LL-11	HaidaGwaii
R06-GH-LL-12	HaidaGwaii
R06-GH-LL-13	HaidaGwaii
R06-GH-LL-14	HaidaGwaii
R06-GH-LL-15	HaidaGwaii
R06-GH-LL-16	HaidaGwaii
R06-GH-LL-17	HaidaGwaii
R06-GH-LL-18	HaidaGwaii
R06-GH-LL-19	HaidaGwaii
R06-GH-LL-20	HaidaGwaii
R06-GH-LL-21	HaidaGwaii
R06-GH-LL-22	HaidaGwaii
R06-GH-LL-23	HaidaGwaii
R06-GH-LL-24	HaidaGwaii
R06-GH-LL-25	HaidaGwaii
R06-GH-LL-26	HaidaGwaii
R06-GH-LL-27	HaidaGwaii
R06-GH-LL-28	HaidaGwaii
R06-GH-LL-29	HaidaGwaii
R06-GH-LL-30	HaidaGwaii
R06-GH-PQ-01	HaidaGwaii
R06-GH-PQ-02	HaidaGwaii
R06-GH-PQ-03	HaidaGwaii
R06-GH-PQ-04	HaidaGwaii
R06-GH-PQ-05	HaidaGwaii
R06-GH-PQ-06	HaidaGwaii
R06-GH-PQ-07	HaidaGwaii
R06-GH-PQ-08	HaidaGwaii
R06-GH-PQ-09	HaidaGwaii
R06-GH-PQ-10	HaidaGwaii
R06-GH-PQ-11	HaidaGwaii
R06-GH-PQ-12	HaidaGwaii
R06-GH-PQ-13	HaidaGwaii
R06-GH-PQ-14	HaidaGwaii
R06-GH-PQ-15	HaidaGwaii
R06-GH-PQ-16	HaidaGwaii
R06-GH-PQ-17	HaidaGwaii
R06-GH-PQ-18	HaidaGwaii
R06-GH-PQ-19	HaidaGwaii
R06-GH-PQ-20	HaidaGwaii
R06-GH-PQ-21	HaidaGwaii
R06-GH-PQ-22	HaidaGwaii
R06-GH-PQ-23	HaidaGwaii
R06-GH-PQ-24	HaidaGwaii
R06-GH-PQ-25	HaidaGwaii
R06-GH-PT-01	HaidaGwaii
R06-GH-PT-02	HaidaGwaii
R06-GH-PT-03	HaidaGwaii
R06-GH-PT-04	HaidaGwaii
R06-GH-PT-05	HaidaGwaii
R06-GH-PT-06	HaidaGwaii
R06-GH-PT-07	HaidaGwaii
R06-GH-PT-08	HaidaGwaii
R06-GH-PT-09	HaidaGwaii
R06-GH-PT-10	HaidaGwaii
R06-GH-PT-11	HaidaGwaii
R06-GH-PT-12	HaidaGwaii
R06-GH-PT-13	HaidaGwaii
R06-GH-PT-14	HaidaGwaii
R06-GH-PT-15	HaidaGwaii
R06-GH-PT-16	HaidaGwaii
R06-GH-PT-17	HaidaGwaii
R06-GH-PT-18	HaidaGwaii
R06-GH-PT-19	HaidaGwaii
R06-GH-PT-20	HaidaGwaii
R06-GH-PT-21	HaidaGwaii
R06-GH-PT-22	HaidaGwaii
R06-GH-PT-23	HaidaGwaii
R06-GH-PT-24	HaidaGwaii
R06-GH-PT-25	HaidaGwaii
R06-GH-PT-26	HaidaGwaii
R06-GH-PT-27	HaidaGwaii
R06-GH-PT-28	HaidaGwaii
R06-GH-PT-29	HaidaGwaii
R06-GH-PT-30	HaidaGwaii
R06-GI-CK-01	HaidaGwaii
R06-GI-CK-02	HaidaGwaii
R06-GI-CK-03	HaidaGwaii
R06-GI-CK-04	HaidaGwaii
R06-GI-CK-05	HaidaGwaii
R06-GI-CK-06	HaidaGwaii
R06-GI-CK-07	HaidaGwaii
R06-GI-CK-08	HaidaGwaii
R06-GI-CK-09	HaidaGwaii
R06-GI-CK-10	HaidaGwaii
R06-GI-CK-11	HaidaGwaii
R06-GI-CK-12	HaidaGwaii
R06-GI-CK-13	HaidaGwaii
R06-GI-CK-14	HaidaGwaii
R06-GI-CK-15	HaidaGwaii
R06-GI-CK-16	HaidaGwaii
R06-GI-CK-17	HaidaGwaii
R06-GI-CK-18	HaidaGwaii
R06-GI-CK-19	HaidaGwaii
R06-GI-CK-20	HaidaGwaii
R06-GI-CK-21	HaidaGwaii
R06-GI-CK-22	HaidaGwaii
R06-GI-CK-23	HaidaGwaii
R06-GI-CK-24	HaidaGwaii
R06-GI-CK-25	HaidaGwaii
R06-GI-CK-26	HaidaGwaii
R06-GI-CK-27	HaidaGwaii
R06-GI-CK-28	HaidaGwaii
R06-GI-CK-29	HaidaGwaii
R06-GI-CK-30	HaidaGwaii
R06-GI-CN-01	HaidaGwaii
R06-GI-CN-02	HaidaGwaii
R06-GI-CN-03	HaidaGwaii
R06-GI-CN-04	HaidaGwaii
R06-GI-CN-05	HaidaGwaii
R06-GI-CN-06	HaidaGwaii
R06-GI-CN-07	HaidaGwaii
R06-GI-CN-08	HaidaGwaii
R06-GI-CN-09	HaidaGwaii
R06-GI-CN-10	HaidaGwaii
R06-GI-CN-11	HaidaGwaii
R06-GI-CN-12	HaidaGwaii
R06-GI-CN-13	HaidaGwaii
R06-GI-CN-14	HaidaGwaii
R06-GI-CN-15	HaidaGwaii
R06-GI-CN-16	HaidaGwaii
R06-GI-CN-17	HaidaGwaii
R06-GI-CN-18	HaidaGwaii
R06-GI-CN-19	HaidaGwaii
R06-GI-CN-20	HaidaGwaii
R06-GI-CN-21	HaidaGwaii
R06-GI-CN-22	HaidaGwaii
R06-GI-CN-23	HaidaGwaii
R06-GI-CN-24	HaidaGwaii
R06-GI-CN-25	HaidaGwaii
R06-GI-CN-26	HaidaGwaii
R06-GI-CN-27	HaidaGwaii
R06-GI-CN-28	HaidaGwaii
R06-GI-CN-29	HaidaGwaii
R06-GI-CN-30	HaidaGwaii
R06-GI-EV-01	HaidaGwaii
R06-GI-EV-02	HaidaGwaii
R06-GI-EV-03	HaidaGwaii
R06-GI-EV-04	HaidaGwaii
R06-GI-EV-05	HaidaGwaii
R06-GI-EV-06	HaidaGwaii
R06-GI-EV-07	HaidaGwaii
R06-GI-EV-08	HaidaGwaii
R06-GI-EV-09	HaidaGwaii
R06-GI-EV-10	HaidaGwaii
R06-GI-EV-11	HaidaGwaii
R06-GI-EV-12	HaidaGwaii
R06-GI-EV-13	HaidaGwaii
R06-GI-EV-14	HaidaGwaii
R06-GI-EV-15	HaidaGwaii
R06-GI-EV-16	HaidaGwaii
R06-GI-EV-17	HaidaGwaii
R06-GI-EV-18	HaidaGwaii
R06-GI-EV-19	HaidaGwaii
R06-GI-EV-20	HaidaGwaii
R06-GI-EV-21	HaidaGwaii
R06-GI-EV-22	HaidaGwaii
R06-GI-EV-23	HaidaGwaii
R06-GI-EV-24	HaidaGwaii
R06-GI-EV-25	HaidaGwaii
R06-GI-EV-26	HaidaGwaii
R06-GI-EV-27	HaidaGwaii
R06-GI-EV-28	HaidaGwaii
R06-GI-EV-29	HaidaGwaii
R06-GI-EV-30	HaidaGwaii
R06-GI-GL-01	HaidaGwaii
R06-GI-GL-02	HaidaGwaii
R06-GI-GL-03	HaidaGwaii
R06-GI-GL-04	HaidaGwaii
R06-GI-GL-05	HaidaGwaii
R06-GI-GL-06	HaidaGwaii
R06-GI-GL-07	HaidaGwaii
R06-GI-GL-08	HaidaGwaii
R06-GI-GL-09	HaidaGwaii
R06-GI-GL-10	HaidaGwaii
R06-GI-GL-11	HaidaGwaii
R06-GI-GL-12	HaidaGwaii
R06-GI-GL-13	HaidaGwaii
R06-GI-GL-14	HaidaGwaii
R06-GI-GL-15	HaidaGwaii
R06-GI-GL-16	HaidaGwaii
R06-GI-GL-17	HaidaGwaii
R06-GI-GL-18	HaidaGwaii
R06-GI-GL-19	HaidaGwaii
R06-GI-GL-20	HaidaGwaii
R06-GI-GL-21	HaidaGwaii
R06-GI-GL-22	HaidaGwaii
R06-GI-GL-23	HaidaGwaii
R06-GI-GL-24	HaidaGwaii
R06-GI-GL-25	HaidaGwaii
R06-GI-GL-26	HaidaGwaii
R06-GI-GL-27	HaidaGwaii
R06-GI-GL-28	HaidaGwaii
R06-GI-GL-29	HaidaGwaii
R06-GI-GL-30	HaidaGwaii
R06-GI-LV-01	HaidaGwaii
R06-GI-LV-02	HaidaGwaii
R06-GI-LV-03	HaidaGwaii
R06-GI-LV-04	HaidaGwaii
R06-GI-LV-05	HaidaGwaii
R06-GI-LV-06	HaidaGwaii
R06-GI-LV-07	HaidaGwaii
R06-GI-LV-08	HaidaGwaii
R06-GI-LV-09	HaidaGwaii
R06-GI-LV-10	HaidaGwaii
R06-GI-LV-11	HaidaGwaii
R06-GI-LV-12	HaidaGwaii
R06-GI-LV-13	HaidaGwaii
R06-GI-LV-14	HaidaGwaii
R06-GI-LV-15	HaidaGwaii
R06-GI-LV-16	HaidaGwaii
R06-GI-LV-17	HaidaGwaii
R06-GI-LV-18	HaidaGwaii
R06-GI-LV-19	HaidaGwaii
R06-GI-LV-20	HaidaGwaii
R06-GI-LV-21	HaidaGwaii
R06-GI-LV-22	HaidaGwaii
R06-GI-LV-23	HaidaGwaii
R06-GI-LV-24	HaidaGwaii
R06-GI-LV-25	HaidaGwaii
R06-GI-LV-26	HaidaGwaii
R06-GI-LV-27	HaidaGwaii
R06-GI-LV-28	HaidaGwaii
R06-GI-LV-29	HaidaGwaii
R06-GI-LV-30	HaidaGwaii
R06-GI-MY-01	HaidaGwaii
R06-GI-MY-02	HaidaGwaii
R06-GI-MY-03	HaidaGwaii
R06-GI-MY-04	HaidaGwaii
R06-GI-MY-05	HaidaGwaii
R06-GI-MY-06	HaidaGwaii
R06-GI-MY-07	HaidaGwaii
R06-GI-MY-08	HaidaGwaii
R06-GI-MY-09	HaidaGwaii
R06-GI-MY-10	HaidaGwaii
R06-GI-MY-11	HaidaGwaii
R06-GI-MY-12	HaidaGwaii
R06-GI-MY-13	HaidaGwaii
R06-GI-MY-14	HaidaGwaii
R06-GI-MY-15	HaidaGwaii
R06-GI-MY-16	HaidaGwaii
R06-GI-MY-17	HaidaGwaii
R06-GI-MY-18	HaidaGwaii
R06-GI-MY-19	HaidaGwaii
R06-GI-MY-20	HaidaGwaii
R06-GI-MY-21	HaidaGwaii
R06-GI-MY-22	HaidaGwaii
R06-GI-MY-23	HaidaGwaii
R06-GI-MY-24	HaidaGwaii
R06-GI-MY-25	HaidaGwaii
R06-GI-MY-26	HaidaGwaii
R06-GI-MY-27	HaidaGwaii
R06-GI-MY-28	HaidaGwaii
R06-GI-MY-29	HaidaGwaii
R06-GI-MY-30	HaidaGwaii
R06-GI-RR-01	HaidaGwaii
R06-GI-RR-02	HaidaGwaii
R06-GI-RR-03	HaidaGwaii
R06-GI-RR-04	HaidaGwaii
R06-GI-RR-05	HaidaGwaii
R06-GI-RR-06	HaidaGwaii
R06-GI-RR-07	HaidaGwaii
R06-GI-RR-08	HaidaGwaii
R06-GI-RR-09	HaidaGwaii
R06-GI-RR-10	HaidaGwaii
R06-GI-RR-11	HaidaGwaii
R06-GI-RR-12	HaidaGwaii
R06-GI-RR-13	HaidaGwaii
R06-GI-RR-14	HaidaGwaii
R06-GI-RR-15	HaidaGwaii
R06-GI-RR-16	HaidaGwaii
R06-GI-RR-17	HaidaGwaii
R06-GI-RR-18	HaidaGwaii
R06-GI-RR-19	HaidaGwaii
R06-GI-RR-20	HaidaGwaii
R06-GI-RR-21	HaidaGwaii
R06-GI-RR-22	HaidaGwaii
R06-GI-RR-23	HaidaGwaii
R06-GI-RR-24	HaidaGwaii
R06-GI-RR-25	HaidaGwaii
R06-GI-RR-26	HaidaGwaii
R06-GI-RR-27	HaidaGwaii
R06-GI-RR-28	HaidaGwaii
R06-GI-RR-29	HaidaGwaii
R06-GI-RR-30	HaidaGwaii
R06-MI-MM-01	HaidaGwaii
R06-MI-MM-02	HaidaGwaii
R06-MI-MM-03	HaidaGwaii
R06-MI-MM-04	HaidaGwaii
R06-MI-MM-05	HaidaGwaii
R06-MI-MM-06	HaidaGwaii
R06-MI-MM-07	HaidaGwaii
R06-MI-MM-08	HaidaGwaii
R06-MI-MM-09	HaidaGwaii
R06-MI-MM-10	HaidaGwaii
R06-MI-MM-11	HaidaGwaii
R06-MI-MM-12	HaidaGwaii
R06-MI-MM-13	HaidaGwaii
R06-MI-MM-14	HaidaGwaii
R06-MI-MM-15	HaidaGwaii
R06-MI-MM-16	HaidaGwaii
R06-MI-MM-17	HaidaGwaii
R06-MI-MM-18	HaidaGwaii
R06-MI-MM-19	HaidaGwaii
R06-MI-MM-20	HaidaGwaii
R06-MI-MM-21	HaidaGwaii
R06-MI-MM-22	HaidaGwaii
R06-MI-MM-23	HaidaGwaii
R06-MI-MM-24	HaidaGwaii
R06-MI-MM-25	HaidaGwaii
R06-MI-MM-26	HaidaGwaii
R06-MI-MM-27	HaidaGwaii
R06-MI-MM-28	HaidaGwaii
R06-MI-MM-29	HaidaGwaii
R06-MI-MM-30	HaidaGwaii
R06-SK-FE-01	Northwest
R06-SK-FE-02	Northwest
R06-SK-FE-03	Northwest
R06-SK-FE-04	Northwest
R06-SK-FE-05	Northwest
R06-SK-FE-06	Northwest
R06-SK-FE-07	Northwest
R06-SK-FE-08	Northwest
R06-SK-FE-09	Northwest
R06-SK-FE-10	Northwest
R06-SK-FE-11	Northwest
R06-SK-FE-12	Northwest
R06-SK-FE-13	Northwest
R06-SK-FE-14	Northwest
R06-SK-FE-15	Northwest
R06-SK-FE-16	Northwest
R06-SK-FE-17	Northwest
R06-SK-FE-18	Northwest
R06-SK-FE-19	Northwest
R06-SK-FE-20	Northwest
R06-SK-FE-21	Northwest
R06-SK-FE-22	Northwest
R06-SK-FE-23	Northwest
R06-SK-FE-24	Northwest
R06-SK-FE-25	Northwest
R06-SK-FE-26	Northwest
R06-SK-FE-27	Northwest
R06-SK-FE-28	Northwest
R06-SK-FE-29	Northwest
R06-SK-FE-30	Northwest
R06-SK-ON-01	Northwest
R06-SK-ON-02	Northwest
R06-SK-ON-03	Northwest
R06-SK-ON-04	Northwest
R06-SK-ON-05	Northwest
R06-SK-ON-06	Northwest
R06-SK-ON-07	Northwest
R06-SK-ON-08	Northwest
R06-SK-ON-09	Northwest
R06-SK-ON-10	Northwest
R06-SK-ON-11	Northwest
R06-SK-ON-12	Northwest
R06-SK-ON-13	Northwest
R06-SK-ON-14	Northwest
R06-SK-ON-15	Northwest
R06-SK-ON-16	Northwest
R06-SK-ON-17	Northwest
R06-SK-ON-18	Northwest
R06-SK-ON-19	Northwest
R06-SK-ON-20	Northwest
R06-SK-ON-21	Northwest
R06-SK-ON-22	Northwest
R06-SK-ON-23	Northwest
R06-SK-ON-24	Northwest
R06-SK-ON-25	Northwest
R06-SK-ON-26	Northwest
R06-SK-ON-27	Northwest
R06-SK-ON-28	Northwest
R06-SK-ON-29	Northwest
R06-SK-ON-30	Northwest
R06-SK-ML-01	Northwest
R06-SK-ML-02	Northwest
R06-SK-ML-03	Northwest
R06-SK-ML-04	Northwest
R06-SK-ML-05	Northwest
R06-SK-ML-06	Northwest
R06-SK-ML-07	Northwest
R06-SK-ML-08	Northwest
R06-SK-ML-09	Northwest
R06-SK-ML-10	Northwest
R06-SK-ML-11	Northwest
R06-SK-ML-12	Northwest
R06-SK-ML-13	Northwest
R06-SK-ML-14	Northwest
R06-SK-ML-15	Northwest
R06-SK-ML-16	Northwest
R06-SK-ML-17	Northwest
R06-SK-ML-18	Northwest